Machine Learning and Artificial Intelligence: Definitions ...,"Purpose of review: With the unprecedented advancement of data aggregation and deep learning algorithms, artificial intelligence (AI) and machine learning (ML) ...",https://pubmed.ncbi.nlm.nih.gov/31983042/,0.8138892001661452
Artificial Intelligence and Machine Learning in Arrhythmias and ...,"Jul 6, 2020 ... Artificial intelligence (AI) and machine learning (ML) in medicine are currently areas of intense exploration, showing potential to automate ...",https://pubmed.ncbi.nlm.nih.gov/32628863/,0.7939204183883487
"Artificial Intelligence and Machine Learning in Clinical Medicine, 2023","Artificial Intelligence and Machine Learning in Clinical Medicine, 2023. N Engl J Med. 2023 Mar 30;388(13):1201-1208. doi: 10.1056/NEJMra2302038.",https://pubmed.ncbi.nlm.nih.gov/36988595/,0.752977577267419
Artificial Intelligence and Machine Learning in Pathology: The ...,"Sep 3, 2019 ... Increased interest in the opportunities provided by artificial intelligence and machine learning has spawned a new field of health-care ...",https://pubmed.ncbi.nlm.nih.gov/31523704/,0.7518163572684949
Artificial intelligence and machine learning in cancer imaging,"Oct 27, 2022 ... An increasing array of tools is being developed using artificial intelligence (AI) and machine learning (ML) for cancer imaging.",https://pubmed.ncbi.nlm.nih.gov/36310650/,0.7516400879250663
"Artificial Intelligence, Machine Learning, Deep Learning, and ...",We will place all these technologies in the context of practical clinical examples and show how AI can act as a tool to support and amplify human cognitive ...,https://pubmed.ncbi.nlm.nih.gov/29656964/,0.7492861117580434
Artificial Intelligence and Machine Learning in Prostate Cancer ...,"Feb 20, 2021 ... Artificial intelligence (AI) is the field of computer science that aims to build smart devices performing tasks that currently require human ...",https://pubmed.ncbi.nlm.nih.gov/33672608/,0.737517586236255
Artificial intelligence and machine learning in emergency medicine ...,"Mar 1, 2022 ... We intend that this review serves as an introduction to AI and machine learning in emergency medicine.",https://pubmed.ncbi.nlm.nih.gov/35251669/,0.7310842170621774
Artificial Intelligence and Machine Learning in Radiology ...,"Feb 4, 2018 ... Worldwide interest in artificial intelligence (AI) applications, including imaging, is high and growing rapidly, fueled by availability of ...",https://pubmed.ncbi.nlm.nih.gov/29402533/,0.7048202221072137
Artificial intelligence to deep learning: machine intelligence ...,"Apr 12, 2021 ... Drug designing and development is an important area of research for pharmaceutical companies and chemical scientists.",https://pubmed.ncbi.nlm.nih.gov/33844136/,0.5619778799414695
